<?xml version="1.0" encoding="utf-8"?>
<!-- 
# Copyright © Lyra Network.
# This file is part of Sogecommerce plugin for Odoo. See COPYING.md for license details.
#
# Author:    Lyra Network (https://www.lyra.com)
# Copyright: Copyright © Lyra Network
# License:   http://www.gnu.org/licenses/agpl.html GNU Affero General Public License (AGPL v3)
-->

<odoo>
    <data noupdate="1">
        <record id="payment_acquirer_sogecommercemulti" model="payment.acquirer">
            <field name="name"><![CDATA[Sogecommerce - Payment in installments]]></field>
            <field name="image" type="base64" file="payment_sogecommerce/static/src/img/logo.png" />
            <field name="image_128" type="base64" file="payment_sogecommerce/static/src/img/logo.png" />
            <field name="provider">sogecommercemulti</field>
            <field name="state">test</field>
            <field name="company_id" ref="base.main_company" />
            <field name="view_template_id" ref="sogecommerce_acquirer_button" />
            <field name="environment">test</field>
            <field name="pre_msg"><![CDATA[<p>You will be redirected to the Sogecommerce website after clicking on the payment button.</p>]]></field>

            <field name="sogecommerce_capture_delay"></field>
            <field name="sogecommerce_validation_mode">-1</field>
            <field name="sogecommerce_threeds_min_amount"></field>
            <field name="sogecommerce_multi_count">3</field>
            <field name="sogecommerce_multi_period">30</field>
            <field name="sogecommerce_multi_first"></field>
            <field name="sogecommerce_redirect_enabled">0</field>
            <field name="sogecommerce_redirect_success_timeout">5</field>
            <field name="sogecommerce_redirect_error_timeout">5</field>
            <field name="sogecommerce_return_mode">GET</field>

            <field name="description" type="html">
                <p><![CDATA[Accept payments in installments with Sogecommerce secure payment gateway.]]></p>
                <ul class="list-inline">
                    <li class="list-inline-item"><i class="fa fa-check"/>Online Payment</li>
                    <li class="list-inline-item"><i class="fa fa-check" />eCommerce</li>
                </ul>
            </field>
        </record>
    </data>
</odoo>